Price,Close,High,Low,Open,Volume
Ticker,HSAI,HSAI,HSAI,HSAI,HSAI
Date,,,,,
2023-07-17,13.260000228881836,13.800000190734863,12.460000038146973,12.59000015258789,381900
2023-07-18,12.880000114440918,13.970000267028809,12.600000381469727,13.350000381469727,392500
2023-07-19,11.819999694824219,13.380000114440918,11.819999694824219,12.819999694824219,569600
2023-07-20,10.84000015258789,12.260000228881836,10.710000038146973,11.899999618530273,455300
2023-07-21,10.380000114440918,11.34000015258789,10.380000114440918,11.0,211300
2023-07-24,11.220000267028809,11.390000343322754,10.319999694824219,10.430000305175781,312700
2023-07-25,11.260000228881836,11.899999618530273,11.008999824523926,11.5,243700
2023-07-26,11.970000267028809,12.170000076293945,11.45199966430664,11.550000190734863,377400
2023-07-27,12.300000190734863,12.59000015258789,11.619999885559082,12.119999885559082,374900
2023-07-28,13.329999923706055,13.630000114440918,12.430000305175781,12.430000305175781,421200
2023-07-31,12.720000267028809,13.109999656677246,12.6899995803833,13.109999656677246,382200
2023-08-01,12.319999694824219,13.699999809265137,12.210000038146973,13.699999809265137,453900
2023-08-02,11.600000381469727,12.1899995803833,11.40999984741211,12.1899995803833,270500
2023-08-03,11.859999656677246,11.970000267028809,11.569999694824219,11.75,216500
2023-08-04,11.180000305175781,12.04699993133545,11.100000381469727,11.819999694824219,338200
2023-08-07,10.8100004196167,11.520000457763672,10.020000457763672,11.199999809265137,484500
2023-08-08,11.789999961853027,11.880000114440918,10.5,10.5,659400
2023-08-09,11.119999885559082,11.710000038146973,10.699999809265137,11.59000015258789,330500
2023-08-10,11.069999694824219,11.324999809265137,10.800000190734863,11.100000381469727,227900
2023-08-11,10.680000305175781,11.0600004196167,10.510000228881836,11.0,360600
2023-08-14,11.020000457763672,11.170000076293945,10.140000343322754,10.680000305175781,335200
2023-08-15,11.670000076293945,11.670000076293945,10.699999809265137,11.1899995803833,417300
2023-08-16,11.520000457763672,11.77400016784668,11.15999984741211,11.300000190734863,160400
2023-08-17,10.890000343322754,11.880000114440918,10.819999694824219,11.3100004196167,206900
2023-08-18,9.729999542236328,10.569999694824219,9.720000267028809,10.239999771118164,763300
2023-08-21,9.9399995803833,10.329000473022461,9.5,9.5,234000
2023-08-22,9.899999618530273,10.229999542236328,9.710000038146973,10.0,160300
2023-08-23,9.34000015258789,10.15999984741211,9.25,9.949999809265137,239800
2023-08-24,9.119999885559082,9.51200008392334,9.029000282287598,9.420000076293945,174400
2023-08-25,9.010000228881836,9.34000015258789,8.359999656677246,9.199999809265137,362000
2023-08-28,9.630000114440918,9.765000343322754,8.960000038146973,8.960000038146973,181100
2023-08-29,9.420000076293945,10.069999694824219,9.210000038146973,9.899999618530273,275000
2023-08-30,9.329999923706055,9.380000114440918,9.119999885559082,9.3100004196167,80600
2023-08-31,9.880000114440918,10.100000381469727,9.15999984741211,9.15999984741211,242400
2023-09-01,10.5,10.649999618530273,9.979999542236328,10.199999809265137,250000
2023-09-05,10.75,11.255000114440918,10.100000381469727,10.100000381469727,363100
2023-09-06,10.779999732971191,11.100000381469727,10.529999732971191,10.760000228881836,216800
2023-09-07,10.84000015258789,11.5600004196167,10.109999656677246,10.449999809265137,431200
2023-09-08,11.699999809265137,11.75,10.930000305175781,11.100000381469727,1544500
2023-09-11,10.050000190734863,11.6899995803833,9.850000381469727,11.6899995803833,333300
2023-09-12,9.989999771118164,10.260000228881836,9.789999961853027,10.149999618530273,147600
2023-09-13,9.6899995803833,10.149999618530273,9.619999885559082,9.890000343322754,123200
2023-09-14,9.979999542236328,10.0,9.75,9.75,101400
2023-09-15,10.170000076293945,10.430000305175781,9.970000267028809,10.0,249700
2023-09-18,10.050000190734863,10.369999885559082,9.970000267028809,10.369999885559082,86400
2023-09-19,10.569999694824219,10.569999694824219,9.930000305175781,10.130000114440918,125300
2023-09-20,10.220000267028809,10.710000038146973,10.100000381469727,10.510000228881836,40500
2023-09-21,10.149999618530273,10.210000038146973,9.90999984741211,10.09000015258789,82500
2023-09-22,10.350000381469727,10.699999809265137,10.229999542236328,10.579999923706055,187200
2023-09-25,10.510000228881836,10.600000381469727,10.210000038146973,10.430000305175781,84900
2023-09-26,10.40999984741211,10.600000381469727,10.15999984741211,10.5,51600
2023-09-27,10.25,10.470000267028809,10.029999732971191,10.470000267028809,59400
2023-09-28,10.300000190734863,10.40999984741211,10.09000015258789,10.149999618530273,89000
2023-09-29,10.0,10.5,9.729999542236328,10.390000343322754,226000
2023-10-02,10.15999984741211,10.180000305175781,9.984000205993652,10.0,22200
2023-10-03,9.84000015258789,10.149999618530273,9.729999542236328,10.020000457763672,64100
2023-10-04,9.4399995803833,9.899999618530273,9.220000267028809,9.720000267028809,153800
2023-10-05,9.15999984741211,9.470000267028809,8.979999542236328,9.470000267028809,136900
2023-10-06,9.619999885559082,9.8100004196167,9.199999809265137,9.420000076293945,106400
2023-10-09,9.800000190734863,9.90999984741211,9.329999923706055,9.619999885559082,121100
2023-10-10,10.069999694824219,10.210000038146973,9.850000381469727,9.850000381469727,149900
2023-10-11,10.0,10.399999618530273,9.920000076293945,10.0600004196167,76900
2023-10-12,9.960000038146973,10.0,9.720000267028809,9.920000076293945,124300
2023-10-13,9.729999542236328,9.970999717712402,9.220000267028809,9.9399995803833,143800
2023-10-16,10.029999732971191,10.25,9.789999961853027,9.789999961853027,99600
2023-10-17,9.75,9.989999771118164,9.595000267028809,9.890000343322754,75600
2023-10-18,9.239999771118164,9.729999542236328,9.180000305175781,9.569999694824219,137400
2023-10-19,9.539999961853027,9.635000228881836,9.050000190734863,9.260000228881836,83400
2023-10-20,9.359999656677246,9.619999885559082,9.3100004196167,9.489999771118164,96000
2023-10-23,9.520000457763672,9.734999656677246,9.350000381469727,9.649999618530273,86000
2023-10-24,10.079999923706055,11.279999732971191,9.600000381469727,9.600000381469727,610000
2023-10-25,9.920000076293945,10.710000038146973,9.920000076293945,10.079999923706055,104700
2023-10-26,9.930000305175781,10.210000038146973,9.670000076293945,9.960000038146973,72000
2023-10-27,10.0,10.149999618530273,9.859999656677246,10.149999618530273,63100
2023-10-30,10.149999618530273,10.180000305175781,9.84000015258789,9.84000015258789,65100
2023-10-31,9.65999984741211,10.050000190734863,9.460000038146973,10.050000190734863,101300
2023-11-01,9.699999809265137,9.850000381469727,9.380000114440918,9.489999771118164,108800
2023-11-02,10.404999732971191,10.470000267028809,9.890000343322754,9.890000343322754,161500
2023-11-03,10.885000228881836,11.149999618530273,10.470000267028809,10.600000381469727,256100
2023-11-06,10.069999694824219,11.0,9.960000038146973,10.930000305175781,339500
2023-11-07,10.010000228881836,10.869999885559082,9.850000381469727,10.119999885559082,252900
2023-11-08,10.0,10.130000114440918,9.880000114440918,10.039999961853027,88000
2023-11-09,9.739999771118164,10.1899995803833,9.739999771118164,10.109999656677246,195500
2023-11-10,9.869999885559082,10.010000228881836,9.300000190734863,9.699999809265137,295400
2023-11-13,10.0,10.199999809265137,9.520000457763672,9.819999694824219,290100
2023-11-14,11.0,11.180000305175781,10.15999984741211,10.300000190734863,888800
2023-11-15,11.0,11.550000190734863,10.9399995803833,11.380000114440918,933200
2023-11-16,10.0,10.960000038146973,9.555000305175781,10.770000457763672,787200
2023-11-17,9.710000038146973,10.449999809265137,9.710000038146973,10.100000381469727,421200
2023-11-20,9.869999885559082,10.069999694824219,9.609999656677246,10.010000228881836,327800
2023-11-21,9.520000457763672,9.869999885559082,9.4399995803833,9.84000015258789,423000
2023-11-22,9.520000457763672,9.649999618530273,9.300000190734863,9.569999694824219,243200
2023-11-24,9.960000038146973,10.270000457763672,9.65999984741211,9.859999656677246,936400
2023-11-27,10.630000114440918,10.800000190734863,10.3100004196167,10.489999771118164,2635300
2023-11-28,10.949999809265137,11.199999809265137,10.649999618530273,11.0,3333900
2023-11-29,10.84000015258789,11.140000343322754,10.5600004196167,10.710000038146973,3276400
2023-11-30,10.600000381469727,11.149999618530273,10.550000190734863,10.829999923706055,1073700
2023-12-01,10.010000228881836,10.289999961853027,9.5,10.109999656677246,1348500
2023-12-04,9.90999984741211,10.010000228881836,9.520000457763672,9.739999771118164,421300
2023-12-05,9.6899995803833,9.899999618530273,9.550000190734863,9.899999618530273,323800
2023-12-06,9.550000190734863,10.010000228881836,9.539999961853027,9.729999542236328,301500
2023-12-07,9.449999809265137,9.680000305175781,9.180000305175781,9.680000305175781,397400
2023-12-08,9.350000381469727,9.489999771118164,9.23900032043457,9.449999809265137,238900
2023-12-11,9.880000114440918,9.9399995803833,9.380000114440918,9.430000305175781,525700
2023-12-12,9.819999694824219,9.930000305175781,9.630000114440918,9.850000381469727,146400
2023-12-13,9.640000343322754,9.680000305175781,9.229999542236328,9.640000343322754,415800
2023-12-14,9.479999542236328,9.869999885559082,9.300000190734863,9.59000015258789,861200
2023-12-15,9.100000381469727,9.529999732971191,8.930000305175781,9.510000228881836,614500
2023-12-18,8.430000305175781,9.170000076293945,8.350000381469727,9.170000076293945,765600
2023-12-19,8.869999885559082,8.9399995803833,8.449999809265137,8.484999656677246,487900
2023-12-20,8.579999923706055,8.949999809265137,8.5600004196167,8.859999656677246,321800
2023-12-21,8.8100004196167,8.829999923706055,8.569999694824219,8.819999694824219,180700
2023-12-22,8.520000457763672,8.755000114440918,8.5,8.630000114440918,193000
2023-12-26,8.75,8.899999618530273,8.550000190734863,8.5600004196167,234300
2023-12-27,8.880000114440918,9.149999618530273,8.779999732971191,8.880000114440918,548600
2023-12-28,9.0,9.149999618530273,8.90999984741211,9.100000381469727,422200
2023-12-29,8.90999984741211,9.140000343322754,8.881999969482422,8.899999618530273,309700
2024-01-02,8.180000305175781,8.859999656677246,8.175000190734863,8.859999656677246,290300
2024-01-03,8.119999885559082,8.289999961853027,7.78000020980835,8.149999618530273,415900
2024-01-04,7.929999828338623,8.329999923706055,7.769999980926514,7.980000019073486,863300
2024-01-05,8.09000015258789,8.274999618530273,7.949999809265137,8.010000228881836,660800
2024-01-08,7.78000020980835,8.0,7.559999942779541,8.0,606200
2024-01-09,7.849999904632568,8.100000381469727,7.630000114440918,7.71999979019165,378400
2024-01-10,7.639999866485596,7.88100004196167,7.539999961853027,7.860000133514404,240100
2024-01-11,8.199999809265137,8.4399995803833,7.639999866485596,7.800000190734863,1229000
2024-01-12,7.710000038146973,8.350000381469727,7.679999828338623,8.300000190734863,439500
2024-01-16,7.289999961853027,7.929999828338623,7.099999904632568,7.710000038146973,523900
2024-01-17,7.070000171661377,7.420000076293945,6.920000076293945,7.199999809265137,631600
2024-01-18,7.03000020980835,7.275000095367432,6.960000038146973,7.090000152587891,273600
2024-01-19,7.170000076293945,7.389999866485596,6.610000133514404,7.0,639100
2024-01-22,6.559999942779541,7.257999897003174,6.53000020980835,7.0,654700
2024-01-23,6.679999828338623,7.010000228881836,6.579999923706055,6.75,501800
2024-01-24,6.449999809265137,7.070000171661377,6.400000095367432,7.019999980926514,742000
2024-01-25,6.480000019073486,6.570000171661377,6.300000190734863,6.46999979019165,279800
2024-01-26,6.289999961853027,6.548999786376953,6.25,6.380000114440918,197000
2024-01-29,6.699999809265137,6.710000038146973,6.179999828338623,6.260000228881836,241100
2024-01-30,6.289999961853027,6.679999828338623,6.25,6.610000133514404,517200
2024-01-31,5.829999923706055,6.247000217437744,5.789999961853027,6.21999979019165,539200
2024-02-01,4.019999980926514,5.138999938964844,4.0,5.079999923706055,4228100
2024-02-02,4.150000095367432,4.199999809265137,3.2799999713897705,4.039999961853027,4847300
2024-02-05,3.7950000762939453,4.1479997634887695,3.5199999809265137,3.9800000190734863,1552100
2024-02-06,4.289999961853027,4.400000095367432,3.9130001068115234,4.019999980926514,772800
2024-02-07,3.950000047683716,4.190000057220459,3.880000114440918,4.159999847412109,591000
2024-02-08,3.9700000286102295,4.164999961853027,3.799999952316284,4.079999923706055,424000
2024-02-09,4.03000020980835,4.059999942779541,3.880000114440918,3.990000009536743,271200
2024-02-12,4.119999885559082,4.28000020980835,4.039999961853027,4.079999923706055,496100
2024-02-13,4.019999980926514,4.070000171661377,3.890000104904175,4.070000171661377,204700
2024-02-14,3.880000114440918,4.119999885559082,3.8499999046325684,4.099999904632568,290800
2024-02-15,3.950000047683716,4.019999980926514,3.8399999141693115,3.869999885559082,202200
2024-02-16,3.930000066757202,4.072000026702881,3.9100000858306885,4.03000020980835,241600
2024-02-20,3.799999952316284,3.9700000286102295,3.7300000190734863,3.9700000286102295,319100
2024-02-21,3.880000114440918,3.950000047683716,3.799999952316284,3.859999895095825,140900
2024-02-22,3.890000104904175,3.930000066757202,3.799999952316284,3.9100000858306885,219000
2024-02-23,3.640000104904175,3.9000000953674316,3.640000104904175,3.9000000953674316,292100
2024-02-26,3.619999885559082,3.8610000610351562,3.569999933242798,3.759999990463257,350600
2024-02-27,3.809999942779541,4.03000020980835,3.6500000953674316,3.759999990463257,902900
2024-02-28,3.740000009536743,3.8399999141693115,3.700000047683716,3.759999990463257,323100
2024-02-29,3.690000057220459,3.818000078201294,3.640000104904175,3.7699999809265137,318500
2024-03-01,4.440000057220459,4.619999885559082,3.6600000858306885,3.799999952316284,1757100
2024-03-04,4.900000095367432,5.059999942779541,4.545000076293945,4.5980000495910645,2169100
2024-03-05,4.670000076293945,5.159999847412109,4.639999866485596,4.769999980926514,1891300
2024-03-06,5.460000038146973,5.940000057220459,4.880000114440918,4.989999771118164,2224200
2024-03-07,5.670000076293945,5.760000228881836,5.21999979019165,5.630000114440918,1275700
2024-03-08,5.760000228881836,6.010000228881836,5.449999809265137,5.71999979019165,2009500
2024-03-11,5.369999885559082,6.073999881744385,5.300000190734863,6.0,2845400
2024-03-12,5.159999847412109,5.369999885559082,4.730000019073486,5.289999961853027,2003500
2024-03-13,4.65500020980835,5.214000225067139,4.650000095367432,5.119999885559082,1115700
2024-03-14,4.389999866485596,4.820000171661377,4.349999904632568,4.710000038146973,1543500
2024-03-15,4.639999866485596,4.710000038146973,4.420000076293945,4.420000076293945,938500
2024-03-18,4.650000095367432,5.150000095367432,4.610000133514404,4.789999961853027,788100
2024-03-19,5.099999904632568,5.170000076293945,4.510000228881836,4.599999904632568,926400
2024-03-20,5.079999923706055,5.349999904632568,4.909999847412109,5.150000095367432,831900
2024-03-21,5.070000171661377,5.289999961853027,4.769999980926514,5.050000190734863,994400
2024-03-22,4.710000038146973,4.900000095367432,4.679999828338623,4.889999866485596,711600
2024-03-25,4.570000171661377,5.03000020980835,4.559999942779541,4.769999980926514,734000
2024-03-26,4.630000114440918,4.730000019073486,4.579999923706055,4.650000095367432,228000
2024-03-27,4.679999828338623,4.75,4.34499979019165,4.579999923706055,741400
2024-03-28,5.059999942779541,5.465000152587891,4.769999980926514,4.769999980926514,2052800
2024-04-01,5.230000019073486,5.46999979019165,4.940000057220459,5.199999809265137,1011200
2024-04-02,5.03000020980835,5.179999828338623,4.96999979019165,5.130000114440918,387100
2024-04-03,5.179999828338623,5.360000133514404,4.989999771118164,4.989999771118164,565200
2024-04-04,5.039999961853027,5.340000152587891,5.010000228881836,5.21999979019165,477300
2024-04-05,4.989999771118164,5.105000019073486,4.929999828338623,5.0,292200
2024-04-08,4.949999809265137,5.260000228881836,4.949999809265137,4.949999809265137,415400
2024-04-09,5.34499979019165,5.349999904632568,4.980000019073486,4.980000019073486,835400
2024-04-10,5.059999942779541,5.256999969482422,5.0,5.199999809265137,557600
2024-04-11,5.170000076293945,5.199999809265137,4.96999979019165,5.170000076293945,290000
2024-04-12,4.519999980926514,5.050000190734863,4.510000228881836,5.010000228881836,872100
2024-04-15,4.465000152587891,4.71999979019165,4.400000095367432,4.639999866485596,418800
2024-04-16,4.110000133514404,4.449999809265137,4.110000133514404,4.449999809265137,653200
2024-04-17,4.304999828338623,4.349999904632568,4.179999828338623,4.210000038146973,625900
2024-04-18,4.28000020980835,4.409999847412109,4.239999771118164,4.380000114440918,281600
2024-04-19,3.9700000286102295,4.369999885559082,3.950000047683716,4.25,332400
2024-04-22,4.039999961853027,4.139999866485596,3.8399999141693115,3.9700000286102295,386900
2024-04-23,4.239999771118164,4.3480000495910645,4.0,4.019999980926514,297700
2024-04-24,4.28000020980835,4.400000095367432,4.179999828338623,4.300000190734863,264600
2024-04-25,4.170000076293945,4.210000038146973,4.079999923706055,4.179999828338623,234500
2024-04-26,4.394999980926514,4.466000080108643,4.090000152587891,4.260000228881836,543200
2024-04-29,4.744999885559082,4.75,4.550000190734863,4.550000190734863,675600
2024-04-30,4.659999847412109,4.71999979019165,4.559999942779541,4.659999847412109,447600
2024-05-01,4.679999828338623,4.820000171661377,4.559999942779541,4.650000095367432,527900
2024-05-02,5.090000152587891,5.090000152587891,4.739999771118164,4.920000076293945,750400
2024-05-03,5.195000171661377,5.25,5.010000228881836,5.019999980926514,617500
2024-05-06,5.070000171661377,5.380000114440918,5.010000228881836,5.190000057220459,475600
2024-05-07,5.03000020980835,5.159999847412109,4.829999923706055,5.010000228881836,403300
2024-05-08,5.369999885559082,5.380000114440918,4.849999904632568,5.03000020980835,695800
2024-05-09,5.150000095367432,5.439000129699707,5.079999923706055,5.400000095367432,425100
2024-05-10,4.960000038146973,5.309999942779541,4.829999923706055,5.25,693000
2024-05-13,5.389999866485596,5.560999870300293,5.019999980926514,5.019999980926514,809500
2024-05-14,5.320000171661377,5.369999885559082,4.909999847412109,5.190000057220459,790700
2024-05-15,5.329999923706055,5.429999828338623,5.099999904632568,5.380000114440918,426800
2024-05-16,5.144999980926514,5.380000114440918,5.079999923706055,5.380000114440918,453000
2024-05-17,5.150000095367432,5.400000095367432,5.019999980926514,5.190000057220459,1167200
2024-05-20,5.260000228881836,5.565000057220459,5.170000076293945,5.46999979019165,1553300
2024-05-21,4.53000020980835,4.949999809265137,4.449999809265137,4.539999961853027,2142900
2024-05-22,4.730000019073486,4.849999904632568,4.570000171661377,4.670000076293945,613700
2024-05-23,4.525000095367432,4.760000228881836,4.489999771118164,4.760000228881836,577800
2024-05-24,4.639999866485596,4.699999809265137,4.519999980926514,4.519999980926514,164300
2024-05-28,4.75,4.78000020980835,4.679999828338623,4.699999809265137,305500
2024-05-29,4.809999942779541,4.849999904632568,4.644999980926514,4.659999847412109,338600
2024-05-30,4.900000095367432,5.0,4.744999885559082,4.760000228881836,667400
2024-05-31,4.860000133514404,5.059999942779541,4.84499979019165,4.889999866485596,346500
2024-06-03,4.840000152587891,4.974999904632568,4.795000076293945,4.920000076293945,294100
2024-06-04,4.849999904632568,4.900000095367432,4.800000190734863,4.820000171661377,413100
2024-06-05,4.909999847412109,4.949999809265137,4.84499979019165,4.920000076293945,329200
2024-06-06,4.71999979019165,4.900000095367432,4.519999980926514,4.880000114440918,960000
2024-06-07,4.71999979019165,4.739999771118164,4.650000095367432,4.679999828338623,595100
2024-06-10,4.960000038146973,5.039999961853027,4.679999828338623,4.71999979019165,515800
2024-06-11,4.889999866485596,5.070000171661377,4.849999904632568,4.949999809265137,212800
2024-06-12,4.820000171661377,4.929999828338623,4.769999980926514,4.889999866485596,451100
2024-06-13,4.829999923706055,4.889999866485596,4.78000020980835,4.880000114440918,253200
2024-06-14,4.809999942779541,4.875,4.804999828338623,4.829999923706055,195900
2024-06-17,4.710000038146973,4.829999923706055,4.619999885559082,4.809999942779541,403100
2024-06-18,4.699999809265137,4.735000133514404,4.639999866485596,4.710000038146973,188800
2024-06-20,4.340000152587891,4.699999809265137,4.230000019073486,4.659999847412109,660100
2024-06-21,4.21999979019165,4.409999847412109,4.170000076293945,4.329999923706055,473400
2024-06-24,4.300000190734863,4.380000114440918,4.199999809265137,4.199999809265137,413300
2024-06-25,4.190000057220459,4.309999942779541,4.139999866485596,4.300000190734863,341700
2024-06-26,4.349999904632568,4.360000133514404,4.21999979019165,4.230000019073486,199600
2024-06-27,4.239999771118164,4.340000152587891,4.210000038146973,4.320000171661377,185400
2024-06-28,4.190000057220459,4.320000171661377,4.150000095367432,4.269999980926514,305200
2024-07-01,4.340000152587891,4.360000133514404,4.210000038146973,4.210000038146973,227800
2024-07-02,4.349999904632568,4.360000133514404,4.260000228881836,4.309999942779541,169200
2024-07-03,4.550000190734863,4.630000114440918,4.380000114440918,4.400000095367432,259500
2024-07-05,4.349999904632568,4.474999904632568,4.260000228881836,4.449999809265137,391100
2024-07-08,4.460000038146973,4.550000190734863,4.360000133514404,4.360000133514404,330200
2024-07-09,4.579999923706055,4.71999979019165,4.474999904632568,4.5,251800
2024-07-10,4.670000076293945,4.949999809265137,4.619999885559082,4.699999809265137,639100
2024-07-11,4.71999979019165,4.880000114440918,4.679999828338623,4.75,337600
2024-07-12,4.829999923706055,4.909999847412109,4.760000228881836,4.869999885559082,315200
2024-07-15,4.630000114440918,4.849999904632568,4.610000133514404,4.849999904632568,308300
2024-07-16,4.664999961853027,4.670000076293945,4.590000152587891,4.590000152587891,329200
2024-07-17,4.590000152587891,4.78000020980835,4.5,4.78000020980835,309800
2024-07-18,4.5,4.679999828338623,4.429999828338623,4.440000057220459,1914000
2024-07-19,4.559999942779541,4.619999885559082,4.440000057220459,4.440000057220459,200700
2024-07-22,4.650000095367432,4.849999904632568,4.559999942779541,4.559999942779541,253000
2024-07-23,4.659999847412109,4.684999942779541,4.53000020980835,4.579999923706055,235200
2024-07-24,4.409999847412109,4.650000095367432,4.400000095367432,4.630000114440918,365200
2024-07-25,4.300000190734863,4.46999979019165,4.230000019073486,4.420000076293945,485200
2024-07-26,4.579999923706055,4.590000152587891,4.269999980926514,4.420000076293945,315000
2024-07-29,4.610000133514404,4.619999885559082,4.46999979019165,4.53000020980835,525500
2024-07-30,4.340000152587891,4.699999809265137,4.230000019073486,4.650000095367432,636700
2024-07-31,4.440000057220459,4.550000190734863,4.324999809265137,4.420000076293945,341800
2024-08-01,4.309999942779541,4.454999923706055,4.264999866485596,4.409999847412109,260700
2024-08-02,3.994999885559082,4.239999771118164,3.9800000190734863,4.21999979019165,551600
2024-08-05,3.819999933242798,3.890000104904175,3.6500000953674316,3.799999952316284,987600
2024-08-06,3.859999895095825,3.950000047683716,3.755000114440918,3.859999895095825,211100
2024-08-07,3.5999999046325684,3.9700000286102295,3.5999999046325684,3.9200000762939453,306900
2024-08-08,3.6600000858306885,3.759999990463257,3.619999885559082,3.630000114440918,317200
2024-08-09,3.549999952316284,3.75,3.5199999809265137,3.700000047683716,428500
2024-08-12,3.559999942779541,3.6600000858306885,3.5199999809265137,3.569999933242798,492100
2024-08-13,4.139999866485596,4.590000152587891,4.03000020980835,4.329999923706055,2261000
2024-08-14,3.8299999237060547,4.190000057220459,3.815000057220459,4.190000057220459,780200
2024-08-15,4.400000095367432,4.440000057220459,3.880000114440918,3.880000114440918,979300
2024-08-16,4.369999885559082,4.539999961853027,4.235000133514404,4.349999904632568,729100
2024-08-19,4.53000020980835,4.610000133514404,4.389999866485596,4.460000038146973,952800
2024-08-20,4.170000076293945,4.409999847412109,4.099999904632568,4.260000228881836,1073000
2024-08-21,4.329999923706055,4.34499979019165,4.010000228881836,4.170000076293945,775400
2024-08-22,4.21999979019165,4.329999923706055,4.170000076293945,4.28000020980835,245800
2024-08-23,4.264999866485596,4.329999923706055,4.110000133514404,4.199999809265137,415000
2024-08-26,4.195000171661377,4.300000190734863,4.09499979019165,4.300000190734863,341400
2024-08-27,4.070000171661377,4.210000038146973,4.050000190734863,4.190000057220459,235300
2024-08-28,3.7899999618530273,4.070000171661377,3.759999990463257,4.059999942779541,411400
2024-08-29,3.9600000381469727,4.0,3.859999895095825,3.859999895095825,212400
2024-08-30,3.950000047683716,4.050000190734863,3.9000000953674316,4.0,198700
2024-09-03,3.880000114440918,3.950000047683716,3.8299999237060547,3.950000047683716,214800
2024-09-04,3.7049999237060547,3.930000066757202,3.680000066757202,3.859999895095825,318800
2024-09-05,3.759999990463257,3.809999942779541,3.7100000381469727,3.7100000381469727,137500
2024-09-06,3.690000057220459,3.8499999046325684,3.690000057220459,3.8499999046325684,207200
2024-09-09,3.740000009536743,3.799999952316284,3.6700000762939453,3.700000047683716,253100
2024-09-10,3.690000057220459,3.75,3.559999942779541,3.75,260800
2024-09-11,3.880000114440918,3.890000104904175,3.700000047683716,3.7100000381469727,165800
2024-09-12,3.819999933242798,3.9000000953674316,3.7300000190734863,3.880000114440918,132100
2024-09-13,3.990000009536743,3.990000009536743,3.809999942779541,3.8499999046325684,220200
2024-09-16,3.890000104904175,4.034999847412109,3.859999895095825,4.0,213200
2024-09-17,4.0,4.150000095367432,3.940000057220459,3.9600000381469727,336800
2024-09-18,3.9700000286102295,4.119999885559082,3.880000114440918,4.0,321700
2024-09-19,4.139999866485596,4.199999809265137,4.059000015258789,4.099999904632568,331300
2024-09-20,3.930000066757202,4.159999847412109,3.930000066757202,4.130000114440918,200800
2024-09-23,4.059999942779541,4.119999885559082,3.9100000858306885,3.950000047683716,404000
2024-09-24,4.380000114440918,4.420000076293945,4.159999847412109,4.289999961853027,746400
2024-09-25,4.28000020980835,4.480000019073486,4.251999855041504,4.340000152587891,436500
2024-09-26,4.670000076293945,4.699999809265137,4.489999771118164,4.670000076293945,793800
2024-09-27,4.739999771118164,4.9120001792907715,4.690000057220459,4.800000190734863,884500
2024-09-30,4.690000057220459,5.139999866485596,4.678999900817871,4.960000038146973,1342800
2024-10-01,4.739999771118164,4.769999980926514,4.429999828338623,4.53000020980835,884000
2024-10-02,5.119999885559082,5.190000057220459,4.75,5.039999961853027,1542900
2024-10-03,5.21999979019165,5.309999942779541,4.849999904632568,4.980000019073486,1021800
2024-10-04,5.369999885559082,5.710000038146973,5.260000228881836,5.300000190734863,1319400
2024-10-07,5.480000019073486,5.650000095367432,5.130000114440918,5.599999904632568,2177700
2024-10-08,5.139999866485596,5.295000076293945,4.889999866485596,4.900000095367432,1133100
2024-10-09,5.099999904632568,5.190000057220459,4.78000020980835,4.849999904632568,623900
2024-10-10,5.360000133514404,5.375,4.9120001792907715,5.099999904632568,627800
2024-10-11,5.025000095367432,5.175000190734863,4.885000228881836,5.059999942779541,566000
2024-10-14,4.769999980926514,5.03000020980835,4.71999979019165,4.929999828338623,607800
2024-10-15,4.389999866485596,4.670000076293945,4.349999904632568,4.599999904632568,486800
2024-10-16,4.46999979019165,4.53000020980835,4.380000114440918,4.429999828338623,365200
2024-10-17,4.389999866485596,4.434999942779541,4.284999847412109,4.429999828338623,382200
2024-10-18,4.46999979019165,4.619999885559082,4.429999828338623,4.539999961853027,414100
2024-10-21,4.570000171661377,4.590000152587891,4.440000057220459,4.440000057220459,342500
2024-10-22,4.800000190734863,4.859000205993652,4.489999771118164,4.539999961853027,487500
2024-10-23,4.570000171661377,4.8480000495910645,4.510000228881836,4.809999942779541,232800
2024-10-24,4.53000020980835,4.550000190734863,4.400000095367432,4.5,333400
2024-10-25,4.699999809265137,4.929999828338623,4.510000228881836,4.510000228881836,382700
2024-10-28,4.78000020980835,4.820000171661377,4.690000057220459,4.739999771118164,504100
2024-10-29,4.639999866485596,4.795000076293945,4.639999866485596,4.760000228881836,329100
2024-10-30,4.550000190734863,4.625,4.429999828338623,4.570000171661377,421900
2024-10-31,4.5,4.53000020980835,4.420000076293945,4.53000020980835,308400
2024-11-01,4.599999904632568,4.627999782562256,4.474999904632568,4.539999961853027,289900
2024-11-04,4.5,4.71999979019165,4.5,4.590000152587891,329800
2024-11-05,4.644999980926514,4.695000171661377,4.53000020980835,4.570000171661377,364700
2024-11-06,4.28000020980835,4.550000190734863,4.199999809265137,4.429999828338623,772100
2024-11-07,4.650000095367432,4.710999965667725,4.380000114440918,4.380000114440918,592000
2024-11-08,4.46999979019165,4.505000114440918,4.320000171661377,4.480000019073486,581100
2024-11-11,4.510000228881836,4.53000020980835,4.34499979019165,4.46999979019165,575700
2024-11-12,4.210000038146973,4.409999847412109,4.03000020980835,4.309999942779541,734000
2024-11-13,4.309999942779541,4.360000133514404,4.090000152587891,4.230000019073486,641500
2024-11-14,4.210000038146973,4.300000190734863,4.119999885559082,4.230000019073486,253900
2024-11-15,4.079999923706055,4.190000057220459,4.019999980926514,4.170000076293945,636500
2024-11-18,4.230000019073486,4.28000020980835,4.099999904632568,4.099999904632568,221000
2024-11-19,4.309999942779541,4.349999904632568,4.190000057220459,4.210000038146973,197500
2024-11-20,4.510000228881836,4.578000068664551,4.369999885559082,4.400000095367432,428300
2024-11-21,4.610000133514404,4.629000186920166,4.400000095367432,4.420000076293945,418000
2024-11-22,4.739999771118164,4.795000076293945,4.400000095367432,4.5,509100
2024-11-25,4.75,4.860000133514404,4.699999809265137,4.860000133514404,1664100
2024-11-26,6.860000133514404,8.550000190734863,5.110000133514404,5.46999979019165,36501600
2024-11-27,7.349999904632568,7.989999771118164,7.050000190734863,7.610000133514404,8948100
2024-11-29,8.180000305175781,8.300000190734863,7.289999961853027,7.5,3616300
2024-12-02,7.639999866485596,8.649999618530273,7.099999904632568,8.399999618530273,4888000
2024-12-03,8.0,8.279999732971191,7.460000038146973,7.460000038146973,3134500
2024-12-04,9.529999732971191,9.869999885559082,8.635000228881836,8.649999618530273,5758200
2024-12-05,9.4399995803833,10.09000015258789,8.949999809265137,10.0,4901400
2024-12-06,10.430000305175781,10.789999961853027,9.390000343322754,9.680000305175781,4105000
2024-12-09,10.760000228881836,11.489999771118164,10.359999656677246,10.899999618530273,4940200
2024-12-10,11.649999618530273,11.859999656677246,10.244999885559082,10.369999885559082,3372100
2024-12-11,11.399999618530273,11.850000381469727,10.90999984741211,11.84000015258789,2266300
2024-12-12,11.050000190734863,11.210000038146973,10.25,10.850000381469727,1780600
2024-12-13,11.229999542236328,11.300000190734863,10.619999885559082,10.640000343322754,1204400
2024-12-16,10.199999809265137,11.149999618530273,10.010000228881836,11.149999618530273,2461400
2024-12-17,13.920000076293945,14.399999618530273,10.210000038146973,10.329999923706055,8319200
2024-12-18,11.0,12.869999885559082,10.170000076293945,12.857999801635742,6725300
2024-12-19,11.050000190734863,11.890000343322754,10.800000190734863,11.0,2558900
2024-12-20,12.279999732971191,12.369999885559082,10.84000015258789,11.050000190734863,3483200
2024-12-23,13.130000114440918,13.394000053405762,11.880000114440918,11.880000114440918,2228600
2024-12-24,12.859999656677246,13.510000228881836,12.369999885559082,13.399999618530273,1537800
2024-12-26,14.470000267028809,14.470000267028809,13.270000457763672,13.489999771118164,4472900
2024-12-27,13.520000457763672,14.779999732971191,13.100000381469727,14.609999656677246,3726600
2024-12-30,14.699999809265137,15.489999771118164,13.989999771118164,14.039999961853027,5253300
2024-12-31,13.819999694824219,14.640000343322754,13.234999656677246,14.569999694824219,3746800
2025-01-02,16.1299991607666,16.350000381469727,13.199999809265137,13.609999656677246,4743300
2025-01-03,15.569999694824219,16.149999618530273,15.079999923706055,15.199999809265137,2831000
2025-01-06,14.760000228881836,15.699999809265137,13.729999542236328,15.569999694824219,2934400
2025-01-07,14.760000228881836,15.600000381469727,14.229999542236328,14.470000267028809,1760200
2025-01-08,13.529999732971191,14.600000381469727,13.100000381469727,14.199999809265137,3388500
2025-01-10,15.220000267028809,15.300000190734863,13.529999732971191,13.678999900817871,3519100
2025-01-13,13.640000343322754,14.15999984741211,13.5,14.039999961853027,2401600
2025-01-14,15.0,15.739999771118164,14.460000038146973,14.699999809265137,2837200
2025-01-15,15.119999885559082,15.5,14.140000343322754,15.25,1631700
2025-01-16,14.890000343322754,15.699000358581543,14.710000038146973,15.5,967700
2025-01-17,15.59000015258789,15.90999984741211,14.859999656677246,15.279999732971191,1771000
2025-01-21,15.90999984741211,16.43000030517578,15.550000190734863,16.100000381469727,2937800
2025-01-22,15.65999984741211,16.030000686645508,14.630000114440918,15.729999542236328,1708800
2025-01-23,14.899999618530273,15.630000114440918,14.819999694824219,15.460000038146973,778800
2025-01-24,15.5,16.149999618530273,15.371000289916992,15.739999771118164,2810400
2025-01-27,13.979999542236328,15.489999771118164,13.949999809265137,15.0600004196167,2337200
2025-01-28,15.050000190734863,15.170000076293945,13.680000305175781,14.430000305175781,1236800
2025-01-29,15.270000457763672,15.350000381469727,14.850000381469727,15.050000190734863,1088300
2025-01-30,16.0,16.790000915527344,15.279999732971191,15.279999732971191,2568500
2025-01-31,15.4399995803833,16.149999618530273,15.300000190734863,16.0,1218500
2025-02-03,15.399999618530273,16.75,15.300999641418457,15.5,2718200
2025-02-04,15.6899995803833,16.1299991607666,15.510000228881836,15.5600004196167,1998900
2025-02-05,13.890000343322754,15.505000114440918,13.800000190734863,15.460000038146973,3078600
2025-02-06,16.809999465942383,17.549999237060547,15.300000190734863,15.329999923706055,7425000
2025-02-07,16.799999237060547,17.0,16.1200008392334,16.68000030517578,3497200
2025-02-10,17.09000015258789,19.989999771118164,16.84000015258789,18.290000915527344,11142600
2025-02-11,18.0,19.450000762939453,16.809999465942383,16.93000030517578,7463100
2025-02-12,18.219999313354492,19.510000228881836,18.079999923706055,18.799999237060547,4602500
2025-02-13,18.0,18.045000076293945,17.170000076293945,18.0,2901300
2025-02-14,17.639999389648438,19.795000076293945,17.579999923706055,19.3799991607666,3670900
2025-02-18,17.850000381469727,18.600000381469727,16.899999618530273,18.20199966430664,5408300
2025-02-19,17.68000030517578,18.799999237060547,17.61199951171875,18.579999923706055,2334800
2025-02-20,18.510000228881836,18.639999389648438,17.280000686645508,18.0,3131300
2025-02-21,19.6299991607666,20.18000030517578,18.549999237060547,18.799999237060547,6895200
2025-02-24,17.729999542236328,19.219999313354492,17.020000457763672,18.420000076293945,5554000
2025-02-25,17.360000610351562,18.420000076293945,16.309999465942383,17.920000076293945,3470900
2025-02-26,18.950000762939453,19.079999923706055,17.549999237060547,17.549999237060547,3618900
2025-02-27,17.969999313354492,18.950000762939453,17.940000534057617,18.549999237060547,2490700
2025-02-28,17.90999984741211,18.100000381469727,15.520000457763672,16.280000686645508,3586000
2025-03-03,15.920000076293945,18.139999389648438,15.649999618530273,18.100000381469727,3283200
2025-03-04,15.739999771118164,16.200000762939453,15.289999961853027,16.010000228881836,3058800
2025-03-05,17.3700008392334,17.459999084472656,16.260000228881836,16.389999389648438,2598200
2025-03-06,16.399999618530273,17.600000381469727,16.3799991607666,17.5,2310200
2025-03-07,17.43000030517578,17.790000915527344,16.329999923706055,16.600000381469727,2976600
2025-03-10,16.010000228881836,17.19499969482422,15.861000061035156,17.149999618530273,3519200
2025-03-11,24.079999923706055,24.18000030517578,18.31999969482422,18.5,26817500
2025-03-12,22.549999237060547,23.62700080871582,21.219999313354492,23.0,7578200
2025-03-13,20.559999465942383,22.299999237060547,20.3700008392334,22.219999313354492,6729500
2025-03-14,19.799999237060547,21.691999435424805,19.200000762939453,21.559999465942383,7288800
2025-03-17,22.299999237060547,22.790000915527344,19.959999084472656,20.770000457763672,8870600
2025-03-18,20.559999465942383,23.0,19.649999618530273,22.780000686645508,13601200
2025-03-19,20.75,21.440000534057617,19.520000457763672,20.15999984741211,4518700
2025-03-20,19.25,20.834999084472656,19.229999542236328,20.260000228881836,5437200
2025-03-21,18.399999618530273,18.979999542236328,17.899999618530273,18.8799991607666,6153700
2025-03-24,18.850000381469727,19.059999465942383,18.510000228881836,18.600000381469727,2791400
2025-03-25,18.385000228881836,18.84000015258789,18.040000915527344,18.5,2178500
2025-03-26,18.049999237060547,19.450000762939453,18.030000686645508,18.43000030517578,2870400
2025-03-27,17.260000228881836,18.47800064086914,17.219999313354492,18.079999923706055,2640000
2025-03-28,15.199999809265137,17.0,14.854999542236328,16.8799991607666,6372200
2025-03-31,14.800000190734863,14.949999809265137,14.064000129699707,14.8100004196167,3423500
2025-04-01,17.43000030517578,18.68000030517578,15.345000267028809,15.600000381469727,12848000
2025-04-02,17.229999542236328,18.450000762939453,16.81999969482422,17.010000228881836,4933900
2025-04-03,16.829999923706055,17.1299991607666,16.34000015258789,16.399999618530273,4044200
2025-04-04,15.270000457763672,15.788000106811523,14.529999732971191,15.460000038146973,4396600
2025-04-07,14.260000228881836,15.767999649047852,13.6899995803833,14.109999656677246,4640300
2025-04-08,13.210000038146973,15.279999732971191,12.819999694824219,15.180000305175781,3656700
2025-04-09,13.520000457763672,14.1899995803833,11.90999984741211,13.039999961853027,7177700
2025-04-10,12.59000015258789,13.720000267028809,12.414999961853027,13.399999618530273,4126700
2025-04-11,12.210000038146973,12.770000457763672,10.5,12.765000343322754,8891700
2025-04-14,12.9399995803833,13.960000038146973,12.399999618530273,12.75,7172300
2025-04-15,11.75,13.045000076293945,11.654999732971191,13.029999732971191,5399700
2025-04-16,11.015000343322754,11.270000457763672,10.40999984741211,11.270000457763672,8808100
2025-04-17,10.949999809265137,11.300000190734863,10.619999885559082,11.130000114440918,2610400
2025-04-21,11.609999656677246,12.270000457763672,10.845000267028809,10.850000381469727,6209800
2025-04-22,13.09000015258789,13.720000267028809,12.050000190734863,12.149999618530273,7031000
2025-04-23,14.390000343322754,16.329999923706055,13.899999618530273,13.930000305175781,9937600
2025-04-24,15.029999732971191,15.760000228881836,14.510000228881836,14.829999923706055,4965000
2025-04-25,15.300000190734863,15.529999732971191,14.800000190734863,14.890000343322754,2170300
2025-04-28,15.359999656677246,16.100000381469727,14.975000381469727,15.390000343322754,3885800
2025-04-29,18.200000762939453,18.389999389648438,15.579999923706055,15.579999923706055,9698700
2025-04-30,18.809999465942383,19.399999618530273,17.280000686645508,17.65999984741211,10655800
2025-05-01,17.350000381469727,18.93000030517578,17.18000030517578,18.809999465942383,4306600
2025-05-02,18.290000915527344,18.59000015258789,17.309999465942383,18.5,7945600
2025-05-05,17.950000762939453,18.200000762939453,17.15999984741211,18.110000610351562,3261600
2025-05-06,17.280000686645508,17.799999237060547,16.93000030517578,17.299999237060547,7318300
2025-05-07,16.190000534057617,17.19499969482422,15.960000038146973,17.18000030517578,6172000
2025-05-08,15.9399995803833,16.540000915527344,15.880000114440918,16.5,2741000
2025-05-09,16.360000610351562,16.719999313354492,15.85099983215332,16.149999618530273,2648800
2025-05-12,17.735000610351562,18.43000030517578,17.027999877929688,17.760000228881836,6057500
2025-05-13,18.34000015258789,18.989999771118164,17.520000457763672,17.700000762939453,8110300
2025-05-14,17.829999923706055,19.200000762939453,17.450000762939453,18.7549991607666,2980900
2025-05-15,17.360000610351562,17.75,17.18000030517578,17.18000030517578,2017000
2025-05-16,17.68000030517578,19.479999542236328,17.3799991607666,18.450000762939453,6814600
2025-05-19,19.459999084472656,19.530000686645508,17.43000030517578,17.479999542236328,5052100
2025-05-20,19.56999969482422,20.040000915527344,18.8799991607666,19.459999084472656,4322300
2025-05-21,21.030000686645508,22.040000915527344,19.5,19.6299991607666,7107900
2025-05-22,21.6299991607666,22.770000457763672,20.8799991607666,21.559999465942383,6253200
2025-05-23,21.450000762939453,22.489999771118164,21.0,21.05500030517578,4892000
2025-05-27,21.260000228881836,22.190000534057617,19.149999618530273,21.639999389648438,9872100
2025-05-28,20.815000534057617,21.270000457763672,19.81999969482422,20.9950008392334,3598800
2025-05-29,20.15999984741211,22.15999984741211,19.989999771118164,21.459999084472656,3783800
2025-05-30,18.860000610351562,19.90999984741211,18.350000381469727,19.56999969482422,5096300
2025-06-02,18.649999618530273,19.579999923706055,18.5,18.684999465942383,1921600
2025-06-03,19.709999084472656,20.270000457763672,18.979999542236328,18.979999542236328,2904000
2025-06-04,20.149999618530273,20.239999771118164,19.44499969482422,20.049999237060547,2048100
2025-06-05,19.579999923706055,21.09000015258789,19.399999618530273,20.399999618530273,2952100
2025-06-06,20.0,20.100000381469727,19.329999923706055,19.8700008392334,1238000
2025-06-09,20.270000457763672,20.739999771118164,19.709999084472656,20.344999313354492,1839300
2025-06-10,19.3700008392334,20.030000686645508,18.780000686645508,19.979999542236328,4116900
2025-06-11,20.6200008392334,20.65999984741211,18.8799991607666,19.6200008392334,3761400
2025-06-12,20.739999771118164,21.780000686645508,20.399999618530273,20.6200008392334,3145900
2025-06-13,20.06999969482422,20.559999465942383,19.649999618530273,20.0,1734800
2025-06-16,19.1299991607666,20.75,18.959999084472656,20.549999237060547,2435200
2025-06-17,17.84000015258789,19.06599998474121,17.69499969482422,18.899999618530273,2760400
2025-06-18,18.239999771118164,18.2549991607666,17.700000762939453,17.829999923706055,1538200
2025-06-20,18.110000610351562,18.5,17.739999771118164,18.200000762939453,4258200
2025-06-23,18.219999313354492,18.540000915527344,17.549999237060547,17.940000534057617,1373200
2025-06-24,20.780000686645508,21.0,18.6200008392334,18.8799991607666,4252500
2025-06-25,19.3700008392334,20.704999923706055,18.927000045776367,20.700000762939453,3006400
2025-06-26,23.100000381469727,23.280000686645508,18.90999984741211,19.530000686645508,7988500
2025-06-27,22.0,22.0,19.649999618530273,21.799999237060547,6583000
2025-06-30,21.950000762939453,22.441999435424805,21.049999237060547,22.0,3341200
2025-07-01,20.670000076293945,21.6299991607666,20.459999084472656,21.6299991607666,2078000
2025-07-02,20.729999542236328,21.450000762939453,20.40999984741211,21.200000762939453,1918300
2025-07-03,21.93000030517578,22.420000076293945,20.360000610351562,20.6200008392334,3122800
2025-07-07,22.469999313354492,22.719999313354492,21.704999923706055,21.704999923706055,4370600
2025-07-08,22.809999465942383,23.3799991607666,21.90999984741211,22.614999771118164,2898900
2025-07-09,22.459999084472656,23.18000030517578,22.299999237060547,22.799999237060547,2138900
2025-07-10,22.0,22.530000686645508,21.510000228881836,22.399999618530273,1567400
2025-07-11,23.899999618530273,23.90999984741211,21.889999389648438,21.924999237060547,3761200
2025-07-14,23.65999984741211,24.049999237060547,21.899999618530273,23.600000381469727,4225495
